Workbook

Sheet Sheet1
A1: Month | B1: Year | C1: Home Attendance | D1: Number of Home Games | E1: County Tax | F1: County Tax Growth Rate | G1: State of North Carolina Total Tax | H1: State Tax Growth Rate | I1: County Unemployment Rate
A2: 7 | B2: 2017 | C2: =IF(ISBLANK($B$2)=TRUE,"",SUMIFS('Schedule Data'!$J:$J,'Schedule Data'!$H:$H,$A2,'Schedule Data'!$I:$I,$B2)) -> 0 | D2: =IF(ISBLANK($B$2)=TRUE,"",COUNTIFS('Schedule Data'!$F:$F,"Home",'Schedule Data'!$H:$H,$A2,'Schedule Data'!$I:$I,$B2)) -> 0 | E2: 3642251.3 | F2: =((3642251.26-3711040.65)/3711040.65) -> -0.018536415 | G2: 7.1999601e+08 | H2: =((719996006.4-698590349.28)/698590349.28) -> 0.030641215 | I2: 5
A3: 8 | B3: =IF(ISBLANK(B$2)=TRUE,"",B$2) -> 2017 | C3: =IF(ISBLANK($B$2)=TRUE,"",SUMIFS('Schedule Data'!$J:$J,'Schedule Data'!$H:$H,$A3,'Schedule Data'!$I:$I,$B3)) -> 0 | D3: =IF(ISBLANK($B$2)=TRUE,"",COUNTIFS('Schedule Data'!$F:$F,"Home",'Schedule Data'!$H:$H,$A3,'Schedule Data'!$I:$I,$B3)) -> 0 | E3: 3900846.1 | F3: =((3900846.07-3805861.19)/3805861.19) -> 0.024957526 | G3: 6.9381987e+08 | H3: =((693819867.49-672308256.66)/672308256.66) -> 0.031996648 | I3: 4.8
A4: 9 | B4: =IF(ISBLANK(B$2)=TRUE,"",B$2) -> 2017 | C4: =IF(ISBLANK($B$2)=TRUE,"",SUMIFS('Schedule Data'!$J:$J,'Schedule Data'!$H:$H,$A4,'Schedule Data'!$I:$I,$B4)) -> 55235 | D4: =IF(ISBLANK($B$2)=TRUE,"",COUNTIFS('Schedule Data'!$F:$F,"Home",'Schedule Data'!$H:$H,$A4,'Schedule Data'!$I:$I,$B4)) -> 2 | E4: 3809916.2 | F4: =((3809916.18-3766876.62)/3766876.62) -> 0.011425795 | G4: 7.026001e+08 | H4: =((702600104.93-686028711.01)/686028711.01) -> 0.02415554 | I4: 3.8
A5: 10 | B5: =IF(ISBLANK(B$2)=TRUE,"",B$2) -> 2017 | C5: =IF(ISBLANK($B$2)=TRUE,"",SUMIFS('Schedule Data'!$J:$J,'Schedule Data'!$H:$H,$A5,'Schedule Data'!$I:$I,$B5)) -> 52966 | D5: =IF(ISBLANK($B$2)=TRUE,"",COUNTIFS('Schedule Data'!$F:$F,"Home",'Schedule Data'!$H:$H,$A5,'Schedule Data'!$I:$I,$B5)) -> 2 | E5: 3854763.3 | F5: =((3854763.34-3670782.14)/3670782.14) -> 0.050120436 | G5: 6.9291825e+08 | H5: =((692918246.95-670492587.81)/670492587.81) -> 0.033446543 | I5: 3.7
A6: 11 | B6: =IF(ISBLANK(B$2)=TRUE,"",B$2) -> 2017 | C6: =IF(ISBLANK($B$2)=TRUE,"",SUMIFS('Schedule Data'!$J:$J,'Schedule Data'!$H:$H,$A6,'Schedule Data'!$I:$I,$B6)) -> 23110 | D6: =IF(ISBLANK($B$2)=TRUE,"",COUNTIFS('Schedule Data'!$F:$F,"Home",'Schedule Data'!$H:$H,$A6,'Schedule Data'!$I:$I,$B6)) -> 1 | E6: 3935199.3 | F6: =((3935199.3-3828237.1)/3828237.1) -> 0.027940328 | G6: 6.6583317e+08 | H6: =((665833169.87-633661683.89)/633661683.89) -> 0.050770761 | I6: 3.9
A7: 12 | B7: =IF(ISBLANK(B$2)=TRUE,"",B$2) -> 2017 | C7: =IF(ISBLANK($B$2)=TRUE,"",SUMIFS('Schedule Data'!$J:$J,'Schedule Data'!$H:$H,$A7,'Schedule Data'!$I:$I,$B7)) -> 23411 | D7: =IF(ISBLANK($B$2)=TRUE,"",COUNTIFS('Schedule Data'!$F:$F,"Home",'Schedule Data'!$H:$H,$A7,'Schedule Data'!$I:$I,$B7)) -> 1 | E7: 3373304.3 | F7: =((3373304.33-3388488.99)/3388488.99) -> -0.0044812481 | G7: 6.832e+08 | H7: =((683199997.39-647106084.17)/647106084.17) -> 0.055777428 | I7: 3.8
A8: 1 | B8: =IF(ISBLANK(B$2)=TRUE,"",B$2+1) -> 2018 | C8: =IF(ISBLANK($B$2)=TRUE,"",SUMIFS('Schedule Data'!$J:$J,'Schedule Data'!$H:$H,$A8,'Schedule Data'!$I:$I,$B8)) -> 0 | D8: =IF(ISBLANK($B$2)=TRUE,"",COUNTIFS('Schedule Data'!$F:$F,"Home",'Schedule Data'!$H:$H,$A8,'Schedule Data'!$I:$I,$B8)) -> 0 | E8: 3874321.1 | F8: =((3874321.14-3585704.99)/3585704.99) -> 0.080490768 | G8: 7.9041901e+08 | H8: =((790419010.01-771093949.84)/-771093949.84) -> -0.025061875 | I8: 4.4
A9: 2 | B9: =IF(ISBLANK(B$2)=TRUE,"",B$2+1) -> 2018 | C9: =IF(ISBLANK($B$2)=TRUE,"",SUMIFS('Schedule Data'!$J:$J,'Schedule Data'!$H:$H,$A9,'Schedule Data'!$I:$I,$B9)) -> 0 | D9: =IF(ISBLANK($B$2)=TRUE,"",COUNTIFS('Schedule Data'!$F:$F,"Home",'Schedule Data'!$H:$H,$A9,'Schedule Data'!$I:$I,$B9)) -> 0 | E9: 2869103.6 | F9: =((2869103.56-2772493.41)/2772493.41) -> 0.034845944 | G9: 6.5141935e+08 | H9: =((651419347.9-607281325.7)/607281325.7) -> 0.072681343 | I9: 4.5
A10: 3 | B10: =IF(ISBLANK(B$2)=TRUE,"",B$2+1) -> 2018 | C10: =IF(ISBLANK($B$2)=TRUE,"",SUMIFS('Schedule Data'!$J:$J,'Schedule Data'!$H:$H,$A10,'Schedule Data'!$I:$I,$B10)) -> 0 | D10: =IF(ISBLANK($B$2)=TRUE,"",COUNTIFS('Schedule Data'!$F:$F,"Home",'Schedule Data'!$H:$H,$A10,'Schedule Data'!$I:$I,$B10)) -> 0 | E10: 2826225.3 | F10: =((2826225.26-2734221.67)/2734221.67) -> 0.033648914 | G10: 6.3738357e+08 | H10: =((637383567.57-607983011.99)/607983011.99) -> 0.048357528 | I10: 4.3
A11: 4 | B11: =IF(ISBLANK(B$2)=TRUE,"",B$2+1) -> 2018 | C11: =IF(ISBLANK($B$2)=TRUE,"",SUMIFS('Schedule Data'!$J:$J,'Schedule Data'!$H:$H,$A11,'Schedule Data'!$I:$I,$B11)) -> 0 | D11: =IF(ISBLANK($B$2)=TRUE,"",COUNTIFS('Schedule Data'!$F:$F,"Home",'Schedule Data'!$H:$H,$A11,'Schedule Data'!$I:$I,$B11)) -> 0 | E11: 2980950.7 | F11: =((2980950.74-2960377.1)/2960377.1) -> 0.0069496687 | G11: 7.3105532e+08 | H11: =((731055324.87-710075036.84)/710075036.84) -> 0.029546579 | I11: 3.7
A12: 5 | B12: =IF(ISBLANK(B$2)=TRUE,"",B$2+1) -> 2018 | C12: =IF(ISBLANK($B$2)=TRUE,"",SUMIFS('Schedule Data'!$J:$J,'Schedule Data'!$H:$H,$A12,'Schedule Data'!$I:$I,$B12)) -> 0 | D12: =IF(ISBLANK($B$2)=TRUE,"",COUNTIFS('Schedule Data'!$F:$F,"Home",'Schedule Data'!$H:$H,$A12,'Schedule Data'!$I:$I,$B12)) -> 0 | E12: 3256317.4 | F12: =((3256317.41-3047156.6)/3047156.6) -> 0.068641306 | G12: 6.9052764e+08 | H12: =((690527639.45-676934402.09)/676934402.09) -> 0.020080583 | I12: 3.7
A13: 6 | B13: =IF(ISBLANK(B$2)=TRUE,"",B$2+1) -> 2018 | C13: =IF(ISBLANK($B$2)=TRUE,"",SUMIFS('Schedule Data'!$J:$J,'Schedule Data'!$H:$H,$A13,'Schedule Data'!$I:$I,$B13)) -> 0 | D13: =IF(ISBLANK($B$2)=TRUE,"",COUNTIFS('Schedule Data'!$F:$F,"Home",'Schedule Data'!$H:$H,$A13,'Schedule Data'!$I:$I,$B13)) -> 0 | E13: 3286224.7 | F13: =((3286224.69-3300832.07)/3300832.07) -> -0.004425363 | G13: 7.0833366e+08 | H13: =((708333660.16-689846631)/689846631) -> 0.026798753 | I13: 4.4
A14: 7 | B14: =IF(ISBLANK(B$2)=TRUE,"",B$2+1) -> 2018 | C14: =IF(ISBLANK($B$2)=TRUE,"",SUMIFS('Schedule Data'!$J:$J,'Schedule Data'!$H:$H,$A14,'Schedule Data'!$I:$I,$B14)) -> 0 | D14: =IF(ISBLANK($B$2)=TRUE,"",COUNTIFS('Schedule Data'!$F:$F,"Home",'Schedule Data'!$H:$H,$A14,'Schedule Data'!$I:$I,$B14)) -> 0 | E14: 3834609.4 | F14: =((E14-E2)/E2) -> 0.052812965 | G14: 7.7178418e+08 | H14: =((G14-G2)/G2) -> 0.071928419 | I14: 4.1
A15: 8 | B15: =IF(ISBLANK(B$2)=TRUE,"",B$2+1) -> 2018 | C15: =IF(ISBLANK($B$2)=TRUE,"",SUMIFS('Schedule Data'!$J:$J,'Schedule Data'!$H:$H,$A15,'Schedule Data'!$I:$I,$B15)) -> 0 | D15: =IF(ISBLANK($B$2)=TRUE,"",COUNTIFS('Schedule Data'!$F:$F,"Home",'Schedule Data'!$H:$H,$A15,'Schedule Data'!$I:$I,$B15)) -> 0 | E15: 4051346.2 | F15: =((E15-E3)/E3) -> 0.038581417 | G15: 7.3377565e+08 | H15: =((G15-G3)/G3) -> 0.05758812 | I15: 4
A16: 9 | B16: =IF(ISBLANK(B$2)=TRUE,"",B$2+1) -> 2018 | C16: =IF(ISBLANK($B$2)=TRUE,"",SUMIFS('Schedule Data'!$J:$J,'Schedule Data'!$H:$H,$A16,'Schedule Data'!$I:$I,$B16)) -> 46946 | D16: =IF(ISBLANK($B$2)=TRUE,"",COUNTIFS('Schedule Data'!$F:$F,"Home",'Schedule Data'!$H:$H,$A16,'Schedule Data'!$I:$I,$B16)) -> 2 | E16: 4011405.1 | F16: =((E16-E4)/E4) -> 0.052885402 | G16: 7.4779972e+08 | H16: =((G16-G4)/G4) -> 0.064331919 | I16: 3.1
A17: 10 | B17: =IF(ISBLANK(B$2)=TRUE,"",B$2+1) -> 2018 | C17: =IF(ISBLANK($B$2)=TRUE,"",SUMIFS('Schedule Data'!$J:$J,'Schedule Data'!$H:$H,$A17,'Schedule Data'!$I:$I,$B17)) -> 27082 | D17: =IF(ISBLANK($B$2)=TRUE,"",COUNTIFS('Schedule Data'!$F:$F,"Home",'Schedule Data'!$H:$H,$A17,'Schedule Data'!$I:$I,$B17)) -> 1 | E17: 3806149.5 | F17: =((E17-E5)/E5) -> -0.012611381 | G17: 7.2500398e+08 | H17: =((G17-G5)/G5) -> 0.046305224 | I17: 3.4
A18: 11 | B18: =IF(ISBLANK(B$2)=TRUE,"",B$2+1) -> 2018 | C18: =IF(ISBLANK($B$2)=TRUE,"",SUMIFS('Schedule Data'!$J:$J,'Schedule Data'!$H:$H,$A18,'Schedule Data'!$I:$I,$B18)) -> 42725 | D18: =IF(ISBLANK($B$2)=TRUE,"",COUNTIFS('Schedule Data'!$F:$F,"Home",'Schedule Data'!$H:$H,$A18,'Schedule Data'!$I:$I,$B18)) -> 2 | E18: 4128938.5 | F18: =((E18-E6)/E6) -> 0.049232371 | G18: 7.3634432e+08 | H18: =((G18-G6)/G6) -> 0.10589912 | I18: 3.5
A19: 12 | B19: =IF(ISBLANK(B$2)=TRUE,"",B$2+1) -> 2018 | C19: =IF(ISBLANK($B$2)=TRUE,"",SUMIFS('Schedule Data'!$J:$J,'Schedule Data'!$H:$H,$A19,'Schedule Data'!$I:$I,$B19)) -> 14963 | D19: =IF(ISBLANK($B$2)=TRUE,"",COUNTIFS('Schedule Data'!$F:$F,"Home",'Schedule Data'!$H:$H,$A19,'Schedule Data'!$I:$I,$B19)) -> 1 | E19: 3639968.8 | F19: =((E19-E7)/E7) -> 0.079051406 | G19: 7.3725484e+08 | H19: =((G19-G7)/G7) -> 0.079120085 | I19: 3.7
A20: 1 | B20: =IF(ISBLANK(B$2)=TRUE,"",B$2+2) -> 2019 | C20: =IF(ISBLANK($B$2)=TRUE,"",SUMIFS('Schedule Data'!$J:$J,'Schedule Data'!$H:$H,$A20,'Schedule Data'!$I:$I,$B20)) -> 0 | D20: =IF(ISBLANK($B$2)=TRUE,"",COUNTIFS('Schedule Data'!$F:$F,"Home",'Schedule Data'!$H:$H,$A20,'Schedule Data'!$I:$I,$B20)) -> 0 | E20: 3822157.6 | F20: =((E20-E8)/E8) -> -0.013463915 | G20: 8.2375049e+08 | H20: =((G20-G8)/G8) -> 0.042169384 | I20: 4.4
A21: 2 | B21: =IF(ISBLANK(B$2)=TRUE,"",B$2+2) -> 2019 | C21: =IF(ISBLANK($B$2)=TRUE,"",SUMIFS('Schedule Data'!$J:$J,'Schedule Data'!$H:$H,$A21,'Schedule Data'!$I:$I,$B21)) -> 0 | D21: =IF(ISBLANK($B$2)=TRUE,"",COUNTIFS('Schedule Data'!$F:$F,"Home",'Schedule Data'!$H:$H,$A21,'Schedule Data'!$I:$I,$B21)) -> 0 | E21: 3156389.5 | F21: =((E21-E9)/E9) -> 0.10013091 | G21: 6.7678773e+08 | H21: =((G21-G9)/G9) -> 0.03894324 | I21: 4.2
A22: 3 | B22: =IF(ISBLANK(B$2)=TRUE,"",B$2+2) -> 2019 | C22: =IF(ISBLANK($B$2)=TRUE,"",SUMIFS('Schedule Data'!$J:$J,'Schedule Data'!$H:$H,$A22,'Schedule Data'!$I:$I,$B22)) -> 0 | D22: =IF(ISBLANK($B$2)=TRUE,"",COUNTIFS('Schedule Data'!$F:$F,"Home",'Schedule Data'!$H:$H,$A22,'Schedule Data'!$I:$I,$B22)) -> 0 | E22: 2891268 | F22: =((E22-E10)/E10) -> 0.023014001 | G22: 6.8512659e+08 | H22: =((G22-G10)/G10) -> 0.0749047 | I22: 4.3
A23: 4 | B23: =IF(ISBLANK(B$2)=TRUE,"",B$2+2) -> 2019 | C23: =IF(ISBLANK($B$2)=TRUE,"",SUMIFS('Schedule Data'!$J:$J,'Schedule Data'!$H:$H,$A23,'Schedule Data'!$I:$I,$B23)) -> 0 | D23: =IF(ISBLANK($B$2)=TRUE,"",COUNTIFS('Schedule Data'!$F:$F,"Home",'Schedule Data'!$H:$H,$A23,'Schedule Data'!$I:$I,$B23)) -> 0 | E23: 3378567.6 | F23: =((E23-E11)/E11) -> 0.13338593 | G23: 7.8657233e+08 | H23: =((G23-G11)/G11) -> 0.075940906 | I23: 3.3
A24: 5 | B24: =IF(ISBLANK(B$2)=TRUE,"",B$2+2) -> 2019 | C24: =IF(ISBLANK($B$2)=TRUE,"",SUMIFS('Schedule Data'!$J:$J,'Schedule Data'!$H:$H,$A24,'Schedule Data'!$I:$I,$B24)) -> 0 | D24: =IF(ISBLANK($B$2)=TRUE,"",COUNTIFS('Schedule Data'!$F:$F,"Home",'Schedule Data'!$H:$H,$A24,'Schedule Data'!$I:$I,$B24)) -> 0 | E24: 3655721.5 | F24: =((E24-E12)/E12) -> 0.12265515 | G24: 7.4424719e+08 | H24: =((G24-G12)/G12) -> 0.077794939 | I24: 3.8
A25: 6 | B25: =IF(ISBLANK(B$2)=TRUE,"",B$2+2) -> 2019 | C25: =IF(ISBLANK($B$2)=TRUE,"",SUMIFS('Schedule Data'!$J:$J,'Schedule Data'!$H:$H,$A25,'Schedule Data'!$I:$I,$B25)) -> 0 | D25: =IF(ISBLANK($B$2)=TRUE,"",COUNTIFS('Schedule Data'!$F:$F,"Home",'Schedule Data'!$H:$H,$A25,'Schedule Data'!$I:$I,$B25)) -> 0 | E25: 3744635.2 | F25: =((E25-E13)/E13) -> 0.13949457 | G25: 7.6336489e+08 | H25: =((G25-G13)/G13) -> 0.077691106 | I25: 4.2
A26: 7 | B26: =IF(ISBLANK(B$2)=TRUE,"",B$2+2) -> 2019 | C26: =IF(ISBLANK($B$2)=TRUE,"",SUMIFS('Schedule Data'!$J:$J,'Schedule Data'!$H:$H,$A26,'Schedule Data'!$I:$I,$B26)) -> 0 | D26: =IF(ISBLANK($B$2)=TRUE,"",COUNTIFS('Schedule Data'!$F:$F,"Home",'Schedule Data'!$H:$H,$A26,'Schedule Data'!$I:$I,$B26)) -> 0 | E26: 3974578.1 | F26: =((E26-E14)/E14) -> 0.036501426 | G26: 8.0699431e+08 | H26: =((G26-G14)/G14) -> 0.045621729 | I26: 4.2
A27: 8 | B27: =IF(ISBLANK(B$2)=TRUE,"",B$2+2) -> 2019 | C27: =IF(ISBLANK($B$2)=TRUE,"",SUMIFS('Schedule Data'!$J:$J,'Schedule Data'!$H:$H,$A27,'Schedule Data'!$I:$I,$B27)) -> 25147 | D27: =IF(ISBLANK($B$2)=TRUE,"",COUNTIFS('Schedule Data'!$F:$F,"Home",'Schedule Data'!$H:$H,$A27,'Schedule Data'!$I:$I,$B27)) -> 1 | E27: 4440106.8 | F27: =((E27-E15)/E15) -> 0.095958377 | G27: 7.8940899e+08 | H27: =((G27-G15)/G15) -> 0.075817917 | I27: 4.2
A28: 9 | B28: =IF(ISBLANK(B$2)=TRUE,"",B$2+2) -> 2019 | C28: =IF(ISBLANK($B$2)=TRUE,"",SUMIFS('Schedule Data'!$J:$J,'Schedule Data'!$H:$H,$A28,'Schedule Data'!$I:$I,$B28)) -> 54237 | D28: =IF(ISBLANK($B$2)=TRUE,"",COUNTIFS('Schedule Data'!$F:$F,"Home",'Schedule Data'!$H:$H,$A28,'Schedule Data'!$I:$I,$B28)) -> 2 | E28: 4450644.5 | F28: =((E28-E16)/E16) -> 0.10949763 | G28: 7.9396939e+08 | H28: =((G28-G16)/G16) -> 0.061740698 | I28: 3.2
A29: 10 | B29: =IF(ISBLANK(B$2)=TRUE,"",B$2+2) -> 2019 | C29: =IF(ISBLANK($B$2)=TRUE,"",SUMIFS('Schedule Data'!$J:$J,'Schedule Data'!$H:$H,$A29,'Schedule Data'!$I:$I,$B29)) -> 46513 | D29: =IF(ISBLANK($B$2)=TRUE,"",COUNTIFS('Schedule Data'!$F:$F,"Home",'Schedule Data'!$H:$H,$A29,'Schedule Data'!$I:$I,$B29)) -> 2 | E29: 4446159.1 | F29: =((E29-E17)/E17) -> 0.16815148 | G29: 7.7283624e+08 | H29: =((G29-G17)/G17) -> 0.065975164 | I29: 3.3
A30: 11 | B30: =IF(ISBLANK(B$2)=TRUE,"",B$2+2) -> 2019 | C30: =IF(ISBLANK($B$2)=TRUE,"",SUMIFS('Schedule Data'!$J:$J,'Schedule Data'!$H:$H,$A30,'Schedule Data'!$I:$I,$B30)) -> 22125 | D30: =IF(ISBLANK($B$2)=TRUE,"",COUNTIFS('Schedule Data'!$F:$F,"Home",'Schedule Data'!$H:$H,$A30,'Schedule Data'!$I:$I,$B30)) -> 1 | E30: 4523269.8 | F30: =((E30-E18)/E18) -> 0.095504273 | G30: 7.6008226e+08 | H30: =((G30-G18)/G18) -> 0.032237553 | I30: 3.1
A31: 12 | B31: =IF(ISBLANK(B$2)=TRUE,"",B$2+2) -> 2019 | C31: =IF(ISBLANK($B$2)=TRUE,"",SUMIFS('Schedule Data'!$J:$J,'Schedule Data'!$H:$H,$A31,'Schedule Data'!$I:$I,$B31)) -> 18618 | D31: =IF(ISBLANK($B$2)=TRUE,"",COUNTIFS('Schedule Data'!$F:$F,"Home",'Schedule Data'!$H:$H,$A31,'Schedule Data'!$I:$I,$B31)) -> 1 | E31: 4119772.4 | F31: =((E31-E19)/E19) -> 0.13181531 | G31: 7.5098288e+08 | H31: =((G31-G19)/G19) -> 0.018620489 | I31: 3
A32: 1 | B32: =IF(ISBLANK(B$2)=TRUE,"",B$2+3) -> 2020 | C32: =IF(ISBLANK($B$2)=TRUE,"",SUMIFS('Schedule Data'!$J:$J,'Schedule Data'!$H:$H,$A32,'Schedule Data'!$I:$I,$B32)) -> 0 | D32: =IF(ISBLANK($B$2)=TRUE,"",COUNTIFS('Schedule Data'!$F:$F,"Home",'Schedule Data'!$H:$H,$A32,'Schedule Data'!$I:$I,$B32)) -> 0 | E32: 4385935.3 | F32: =((E32-E20)/E20) -> 0.14750247 | G32: 8.626806e+08 | H32: =((G32-G20)/G20) -> 0.047259592 | I32: 3.6
A33: 2 | B33: =IF(ISBLANK(B$2)=TRUE,"",B$2+3) -> 2020 | C33: =IF(ISBLANK($B$2)=TRUE,"",SUMIFS('Schedule Data'!$J:$J,'Schedule Data'!$H:$H,$A33,'Schedule Data'!$I:$I,$B33)) -> 0 | D33: =IF(ISBLANK($B$2)=TRUE,"",COUNTIFS('Schedule Data'!$F:$F,"Home",'Schedule Data'!$H:$H,$A33,'Schedule Data'!$I:$I,$B33)) -> 0 | E33: 3581766.3 | F33: =((E33-E21)/E21) -> 0.1347669 | G33: 7.0745442e+08 | H33: =((G33-G21)/G21) -> 0.045312123 | I33: 3.4
A34: 3 | B34: =IF(ISBLANK(B$2)=TRUE,"",B$2+3) -> 2020 | C34: =IF(ISBLANK($B$2)=TRUE,"",SUMIFS('Schedule Data'!$J:$J,'Schedule Data'!$H:$H,$A34,'Schedule Data'!$I:$I,$B34)) -> 0 | D34: =IF(ISBLANK($B$2)=TRUE,"",COUNTIFS('Schedule Data'!$F:$F,"Home",'Schedule Data'!$H:$H,$A34,'Schedule Data'!$I:$I,$B34)) -> 0 | E34: 3133671.1 | F34: =((E34-E22)/E22) -> 0.083839734 | G34: 6.8208751e+08 | H34: =((G34-G22)/G22) -> -0.0044357961 | I34: 4.4
A35: 4 | B35: =IF(ISBLANK(B$2)=TRUE,"",B$2+3) -> 2020 | C35: =IF(ISBLANK($B$2)=TRUE,"",SUMIFS('Schedule Data'!$J:$J,'Schedule Data'!$H:$H,$A35,'Schedule Data'!$I:$I,$B35)) -> 0 | D35: =IF(ISBLANK($B$2)=TRUE,"",COUNTIFS('Schedule Data'!$F:$F,"Home",'Schedule Data'!$H:$H,$A35,'Schedule Data'!$I:$I,$B35)) -> 0 | E35: 3063698.9 | F35: =((E35-E23)/E23) -> -0.093195917 | G35: 7.203857e+08 | H35: =((G35-G23)/G23) -> -0.08414564 | I35: 15.8
A36: 5 | B36: =IF(ISBLANK(B$2)=TRUE,"",B$2+3) -> 2020 | C36: =IF(ISBLANK($B$2)=TRUE,"",SUMIFS('Schedule Data'!$J:$J,'Schedule Data'!$H:$H,$A36,'Schedule Data'!$I:$I,$B36)) -> 0 | D36: =IF(ISBLANK($B$2)=TRUE,"",COUNTIFS('Schedule Data'!$F:$F,"Home",'Schedule Data'!$H:$H,$A36,'Schedule Data'!$I:$I,$B36)) -> 0 | E36: 2489075.9 | F36: =((E36-E24)/E24) -> -0.3191287 | G36: 6.5186941e+08 | H36: =((G36-G24)/G24) -> -0.12412245 | I36: 13.2
A37: 6 | B37: =IF(ISBLANK(B$2)=TRUE,"",B$2+3) -> 2020 | C37: =IF(ISBLANK($B$2)=TRUE,"",SUMIFS('Schedule Data'!$J:$J,'Schedule Data'!$H:$H,$A37,'Schedule Data'!$I:$I,$B37)) -> 0 | D37: =IF(ISBLANK($B$2)=TRUE,"",COUNTIFS('Schedule Data'!$F:$F,"Home",'Schedule Data'!$H:$H,$A37,'Schedule Data'!$I:$I,$B37)) -> 0 | E37: 3071745.9 | F37: =((E37-E25)/E25) -> -0.17969421 | G37: 7.2073924e+08 | H37: =((G37-G25)/G25) -> -0.055839154 | I37: 9.5

Sheet Schedule Data
A1: Date | B1: Opponent | C1: Result | D1: Game Time | E1: Attendance
A2: 42980 | B2: @ 2 Georgia | C2: L 10-31 | D2: 0.13541667 | E2: 92746 | F2: =IF(MID(B2,1,1)="@","",IF(MID(B2,1,1)="+","","Home")) | G2: =TEXT(A2,"M/YYYY") -> 9/2017 | H2: 9 | I2: 2017 | J2: =IF(MID(B2,1,1)="@","",IF(MID(B2,1,1)="+","",E2))
A3: 42987 | B3: Savannah State | C3: W 54-7 | D3: 0.13333333 | E3: 20109 | F3: =IF(MID(B3,1,1)="@","",IF(MID(B3,1,1)="+","","Home")) -> Home | G3: =TEXT(A3,"M/YYYY") -> 9/2017 | H3: 9 | I3: 2017 | J3: =IF(MID(B3,1,1)="@","",IF(MID(B3,1,1)="+","",E3)) -> 20109
A4: 42994 | B4: @ Texas State | C4: W 20-13 | D4: 0.12430556 | E4: 19520 | F4: =IF(MID(B4,1,1)="@","",IF(MID(B4,1,1)="+","","Home")) | G4: =TEXT(A4,"M/YYYY") -> 9/2017 | H4: 9 | I4: 2017 | J4: =IF(MID(B4,1,1)="@","",IF(MID(B4,1,1)="+","",E4))
A5: 43001 | B5: Wake Forest | C5: L 19-20 | D5: 0.16041667 | E5: 35126 | F5: =IF(MID(B5,1,1)="@","",IF(MID(B5,1,1)="+","","Home")) -> Home | G5: =TEXT(A5,"M/YYYY") -> 9/2017 | H5: 9 | I5: 2017 | J5: =IF(MID(B5,1,1)="@","",IF(MID(B5,1,1)="+","",E5)) -> 35126
A6: 43015 | B6: New Mexico State | C6: W 45-31 | D6: 0.14791667 | E6: 22787 | F6: =IF(MID(B6,1,1)="@","",IF(MID(B6,1,1)="+","","Home")) -> Home | G6: =TEXT(A6,"M/YYYY") -> 10/2017 | H6: 10 | I6: 2017 | J6: =IF(MID(B6,1,1)="@","",IF(MID(B6,1,1)="+","",E6)) -> 22787
A7: 43022 | B7: @ Idaho | C7: W 23-20 | D7: 0.12361111 | E7: 10168 | F7: =IF(MID(B7,1,1)="@","",IF(MID(B7,1,1)="+","","Home")) | G7: =TEXT(A7,"M/YYYY") -> 10/2017 | H7: 10 | I7: 2017 | J7: =IF(MID(B7,1,1)="@","",IF(MID(B7,1,1)="+","",E7))
A8: 43029 | B8: Coastal Carolina | C8: W 37-29 | D8: 0.15277778 | E8: 30179 | F8: =IF(MID(B8,1,1)="@","",IF(MID(B8,1,1)="+","","Home")) -> Home | G8: =TEXT(A8,"M/YYYY") -> 10/2017 | H8: 10 | I8: 2017 | J8: =IF(MID(B8,1,1)="@","",IF(MID(B8,1,1)="+","",E8)) -> 30179
A9: 43036 | B9: @ Massachusetts | C9: L 27-30 | D9: 0.15486111 | E9: 11889 | F9: =IF(MID(B9,1,1)="@","",IF(MID(B9,1,1)="+","","Home")) | G9: =TEXT(A9,"M/YYYY") -> 10/2017 | H9: 10 | I9: 2017 | J9: =IF(MID(B9,1,1)="@","",IF(MID(B9,1,1)="+","",E9))
A10: 43043 | B10: @ Louisiana-Monroe | C10: L 45-52 | D10: 0.1375 | E10: 7397 | F10: =IF(MID(B10,1,1)="@","",IF(MID(B10,1,1)="+","","Home")) | G10: =TEXT(A10,"M/YYYY") -> 11/2017 | H10: 11 | I10: 2017 | J10: =IF(MID(B10,1,1)="@","",IF(MID(B10,1,1)="+","",E10))
A11: 43048 | B11: Georgia Southern | C11: W 27-6 | D11: 0.12291667 | E11: 23110 | F11: =IF(MID(B11,1,1)="@","",IF(MID(B11,1,1)="+","","Home")) -> Home | G11: =TEXT(A11,"M/YYYY") -> 11/2017 | H11: 11 | I11: 2017 | J11: =IF(MID(B11,1,1)="@","",IF(MID(B11,1,1)="+","",E11)) -> 23110
A12: 43064 | B12: @ Georgia State | C12: W 31-10 | D12: 0.12847222 | E12: 13154 | F12: =IF(MID(B12,1,1)="@","",IF(MID(B12,1,1)="+","","Home")) | G12: =TEXT(A12,"M/YYYY") -> 11/2017 | H12: 11 | I12: 2017 | J12: =IF(MID(B12,1,1)="@","",IF(MID(B12,1,1)="+","",E12))
A13: 43071 | B13: Louisiana | C13: W 63-14 | D13: 0.12152778 | E13: 23411 | F13: =IF(MID(B13,1,1)="@","",IF(MID(B13,1,1)="+","","Home")) -> Home | G13: =TEXT(A13,"M/YYYY") -> 12/2017 | H13: 12 | I13: 2017 | J13: =IF(MID(B13,1,1)="@","",IF(MID(B13,1,1)="+","",E13)) -> 23411
... A42: 44086 | B42: Charlotte | C42: W 35-20 | D42: 0.14722222 | E42: 0 | F42: =IF(MID(B42,1,1)="@","",IF(MID(B42,1,1)="+","","Home")) -> Home | G42: =TEXT(A42,"M/YYYY") -> 9/2020 | H42: 9 | I42: 2020 | J42: =IF(MID(B42,1,1)="@","",IF(MID(B42,1,1)="+","",E42)) -> 0
A43: 44093 | B43: @ Marshall | C43: L 7-17 | D43: 0.13958333 | E43: 12050 | F43: =IF(MID(B43,1,1)="@","",IF(MID(B43,1,1)="+","","Home")) | G43: =TEXT(A42,"M/YYYY") -> 9/2020 | H43: 9 | I43: 2020 | J43: =IF(MID(B43,1,1)="@","",IF(MID(B43,1,1)="+","",E43))
A44: 44100 | B44: Campbell | C44: W 52-21 | D44: 0.13958333 | E44: 0 | F44: =IF(MID(B44,1,1)="@","",IF(MID(B44,1,1)="+","","Home")) -> Home | G44: =TEXT(A44,"M/YYYY") -> 9/2020 | H44: 9 | I44: 2020 | J44: =IF(MID(B44,1,1)="@","",IF(MID(B44,1,1)="+","",E44)) -> 0
A45: 44126 | B45: Arkansas State | C45: W 45-17 | D45: 0.14305556 | E45: 2100 | F45: =IF(MID(B45,1,1)="@","",IF(MID(B45,1,1)="+","","Home")) -> Home | G45: =TEXT(A45,"M/YYYY") -> 10/2020 | H45: 10 | I45: 2020 | J45: =IF(MID(B45,1,1)="@","",IF(MID(B45,1,1)="+","",E45)) -> 2100
A46: 44135 | B46: @ Louisiana-Monroe | C46: W 31-13 | D46: 0.12708333 | E46: 5493 | F46: =IF(MID(B46,1,1)="@","",IF(MID(B46,1,1)="+","","Home")) | G46: =TEXT(A46,"M/YYYY") -> 10/2020 | H46: 10 | I46: 2020 | J46: =IF(MID(B46,1,1)="@","",IF(MID(B46,1,1)="+","",E46))
A47: 44142 | B47: @ Texas State | C47: W 38-17 | D47: 0.12916667 | E47: 6745 | F47: =IF(MID(B47,1,1)="@","",IF(MID(B47,1,1)="+","","Home")) | G47: =TEXT(A47,"M/YYYY") -> 11/2020 | H47: 11 | I47: 2020 | J47: =IF(MID(B47,1,1)="@","",IF(MID(B47,1,1)="+","",E47))
A48: 44149 | B48: Georgia State | C48: W 17-13 | D48: 0.13055556 | E48: 2170 | F48: =IF(MID(B48,1,1)="@","",IF(MID(B48,1,1)="+","","Home")) -> Home | G48: =TEXT(A48,"M/YYYY") -> 11/2020 | H48: 11 | I48: 2020 | J48: =IF(MID(B48,1,1)="@","",IF(MID(B48,1,1)="+","",E48)) -> 2170
A49: 44156 | B49: @ 9 Coastal Carolina | C49: L 23-34 | D49: 0.14930556 | E49: 5000 | F49: =IF(MID(B49,1,1)="@","",IF(MID(B49,1,1)="+","","Home")) | G49: =TEXT(A49,"M/YYYY") -> 11/2020 | H49: 11 | I49: 2020 | J49: =IF(MID(B49,1,1)="@","",IF(MID(B49,1,1)="+","",E49))
A50: 44163 | B50: Troy | C50: W 47-10 | D50: 0.12916667 | E50: 2170 | F50: =IF(MID(B50,1,1)="@","",IF(MID(B50,1,1)="+","","Home")) -> Home | G50: =TEXT(A50,"M/YYYY") -> 11/2020 | H50: 11 | I50: 2020 | J50: =IF(MID(B50,1,1)="@","",IF(MID(B50,1,1)="+","",E50)) -> 2170
A51: 44169 | B51: 16 Louisiana | C51: L 21-24 | D51: 0.14027778 | E51: 2170 | F51: =IF(MID(B51,1,1)="@","",IF(MID(B51,1,1)="+","","Home")) -> Home | G51: =TEXT(A51,"M/YYYY") -> 12/2020 | H51: 12 | I51: 2020 | J51: =IF(MID(B51,1,1)="@","",IF(MID(B51,1,1)="+","",E51)) -> 2170
A52: 44177 | B52: @ Georgia Southern | C52: W 34-26 | D52: 0.13680556 | E52: 6228 | F52: =IF(MID(B52,1,1)="@","",IF(MID(B52,1,1)="+","","Home")) | G52: =TEXT(A52,"M/YYYY") -> 12/2020 | H52: 12 | I52: 2020 | J52: =IF(MID(B52,1,1)="@","",IF(MID(B52,1,1)="+","",E52))
A53: 44186 | B53: + North Texas | C53: W 56-28 | D53: 0.15208333 | E53: 5000 | F53: =IF(MID(B53,1,1)="@","",IF(MID(B53,1,1)="+","","Home")) | G53: =TEXT(A53,"M/YYYY") -> 12/2020 | H53: 12 | I53: 2020 | J53: =IF(MID(B53,1,1)="@","",IF(MID(B53,1,1)="+","",E53))
F54: =IF(MID(B54,1,1)="@","",IF(MID(B54,1,1)="+","","Home")) -> Home | G54: =TEXT(A54,"M/YYYY") -> 1/1900 | H54: 1 | I54: 1900 | J54: =IF(MID(B54,1,1)="@","",IF(MID(B54,1,1)="+","",E54)) -> 0
F55: =IF(MID(B55,1,1)="@","",IF(MID(B55,1,1)="+","","Home")) -> Home | G55: =TEXT(A55,"M/YYYY") -> 1/1900 | H55: 1 | I55: 1900 | J55: =IF(MID(B55,1,1)="@","",IF(MID(B55,1,1)="+","",E55)) -> 0
F56: =IF(MID(B56,1,1)="@","",IF(MID(B56,1,1)="+","","Home")) -> Home | G56: =TEXT(A56,"M/YYYY") -> 1/1900 | H56: 1 | I56: 1900 | J56: =IF(MID(B56,1,1)="@","",IF(MID(B56,1,1)="+","",E56)) -> 0
F57: =IF(MID(B57,1,1)="@","",IF(MID(B57,1,1)="+","","Home")) -> Home | G57: =TEXT(A57,"M/YYYY") -> 1/1900 | H57: 1 | I57: 1900 | J57: =IF(MID(B57,1,1)="@","",IF(MID(B57,1,1)="+","",E57)) -> 0
F58: =IF(MID(B58,1,1)="@","",IF(MID(B58,1,1)="+","","Home")) -> Home | G58: =TEXT(A58,"M/YYYY") -> 1/1900 | H58: 1 | I58: 1900 | J58: =IF(MID(B58,1,1)="@","",IF(MID(B58,1,1)="+","",E58)) -> 0
F59: =IF(MID(B59,1,1)="@","",IF(MID(B59,1,1)="+","","Home")) -> Home | G59: =TEXT(A59,"M/YYYY") -> 1/1900 | H59: 1 | I59: 1900 | J59: =IF(MID(B59,1,1)="@","",IF(MID(B59,1,1)="+","",E59)) -> 0
F60: =IF(MID(B60,1,1)="@","",IF(MID(B60,1,1)="+","","Home")) -> Home | G60: =TEXT(A60,"M/YYYY") -> 1/1900 | H60: 1 | I60: 1900 | J60: =IF(MID(B60,1,1)="@","",IF(MID(B60,1,1)="+","",E60)) -> 0
F61: =IF(MID(B61,1,1)="@","",IF(MID(B61,1,1)="+","","Home")) -> Home | G61: =TEXT(A61,"M/YYYY") -> 1/1900 | H61: 1 | I61: 1900 | J61: =IF(MID(B61,1,1)="@","",IF(MID(B61,1,1)="+","",E61)) -> 0
F62: =IF(MID(B62,1,1)="@","",IF(MID(B62,1,1)="+","","Home")) -> Home | G62: =TEXT(A62,"M/YYYY") -> 1/1900 | H62: 1 | I62: 1900 | J62: =IF(MID(B62,1,1)="@","",IF(MID(B62,1,1)="+","",E62)) -> 0
F63: =IF(MID(B63,1,1)="@","",IF(MID(B63,1,1)="+","","Home")) -> Home | G63: =TEXT(A63,"M/YYYY") -> 1/1900 | H63: 1 | I63: 1900 | J63: =IF(MID(B63,1,1)="@","",IF(MID(B63,1,1)="+","",E63)) -> 0
F64: =IF(MID(B64,1,1)="@","",IF(MID(B64,1,1)="+","","Home")) -> Home | G64: =TEXT(A64,"M/YYYY") -> 1/1900 | H64: 1 | I64: 1900 | J64: =IF(MID(B64,1,1)="@","",IF(MID(B64,1,1)="+","",E64)) -> 0
F65: =IF(MID(B65,1,1)="@","",IF(MID(B65,1,1)="+","","Home")) -> Home | G65: =TEXT(A65,"M/YYYY") -> 1/1900 | H65: 1 | I65: 1900 | J65: =IF(MID(B65,1,1)="@","",IF(MID(B65,1,1)="+","",E65)) -> 0
... F102: =IF(MID(B102,1,1)="@","",IF(MID(B102,1,1)="+","","Home")) -> Home | G102: =TEXT(A102,"M/YYYY") -> 1/1900 | H102: 1 | I102: 1900 | J102: =IF(MID(B102,1,1)="@","",IF(MID(B102,1,1)="+","",E102)) -> 0

Sheet University & First Year Assiged
A1: RA4 | B1: University | C1: Start
A2: 1 | B2: Appalachian State | C2: 2016
A3: 2 | B3: Appalachian State | C3: 2017
A4: 3 | B4: Appalachian State | C4: 2018
A5: 4 | B5: Appalachian State | C5: 2019
A6: 5 | B6: Appalachian State | C6: 2020
A7: 6 | B7: Appalachian State | C7: 2021
A8: 7 | B8: Appalachian State | C8: 2022
A9: 8 | B9: Duke | C9: 2016
A10: 9 | B10: Duke | C10: 2017
A11: 10 | B11: Duke | C11: 2018
A12: 11 | B12: Duke | C12: 2019
A13: 12 | B13: Duke | C13: 2020
... A50: 49 | B50: Wake Forest | C50: 2022

Sheet Sheet2
A1: County Tax | D1: State of North Carolina Total Tax
A2: 3642251.3 | D2: 7.1999601e+08
A3: 3900846.1 | D3: 6.9381987e+08
A4: 3809916.2 | D4: 7.026001e+08
A5: 3854763.3 | D5: 6.9291825e+08
A6: 3935199.3 | D6: 6.6583317e+08
A7: 3373304.3 | D7: 6.832e+08
A8: 3874321.1 | D8: 7.9041901e+08
A9: 2869103.6 | D9: 6.5141935e+08
A10: 2826225.3 | D10: 6.3738357e+08
A11: 2980950.7 | D11: 7.3105532e+08
A12: 3256317.4 | D12: 6.9052764e+08
A13: 3286224.7 | D13: 7.0833366e+08
... A37: 3071745.9 | D37: 7.2073924e+08
